Specification,R2_within,R2_between,R2_overall,N_obs,N_countries
(1) RC Contemp.,0.008085468748157187,0.007731132632870952,0.007753592132933362,3150,126
(2) RC Lag-1,0.0034346734420218628,-0.050572380993573196,-0.04724863183308137,3024,126
(3) RC Lag-5,-0.007178459156590877,-0.07701645126182766,-0.07336111936646961,2520,126
(4) RC + Interact L1,0.0006243533642716903,-0.13492610843761232,-0.12658394391250405,3024,126
(5) Full Structural L1,0.0449640052801793,-1.1659153765862453,-1.0913943835234927,3024,126
(6) Dynamic L1,0.31444982973060465,0.7636443049112202,0.735999587468625,3024,126
